IncI1_1_Alpha_AP005147,PLASMID,Salmonella enterica subsp. enterica serovar Typhimurium plasmid R64 DNA, complete sequence,,,,,
IncFIA_1__AP001918,PLASMID,Escherichia coli K-12 plasmid F DNA, complete sequence,,,,,
IncFII(S)_1__CP000858,PLASMID,Salmonella enterica subsp. enterica serovar Paratyphi C strain RKS4594 plasmid pSPCV, complete sequence,,,,,
IncY_1__K02380,PLASMID,Enterobacteria phage P1 RepA (repA), ParA (parA), and ParB (parB) genes, complete cds; and unknown gene,,,
IncFIB(AP001918)_1__AP001918,PLASMID,Escherichia coli K-12 plasmid F DNA, complete sequence,,,,,
IncFII_1__AY458016,PLASMID,Escherichia coli plasmid pC15-1a, complete sequence,,,,,
IncFIC(FII)_1__AP001918,PLASMID,Escherichia coli K-12 plasmid F DNA, complete sequence,,,,,
IncFII(Yp)_1_Yersenia_CP000670,PLASMID,Yersinia pestis Pestoides F plasmid MT, complete sequence,,,,,
IncFIB(S)_1__FN432031,PLASMID,Salmonella enterica subsp. enterica serovar Typhimurium plasmid pSLT-BT, complete sequence,,,,,
IncFIB(pHCM2)_1_pHCM2_AL513384,PLASMID,Salmonella enterica subsp. enterica serovar Typhi str. CT18 plasmid pHCM2,,,,,,
IncFIB(pLF82)_1_pLF82_CU638872,PLASMID,Escherichia coli LF82 plasmid unnamed, complete sequence,,,,,
IncFIB(pB171)_1_pB171_AB024946,PLASMID,Escherichia coli B171 plasmid pB171 DNA, complete sequence,,,,,
IncFII(pHN7A8)_1_pHN7A8_JN232517,PLASMID,Escherichia coli strain 7A8 plasmid pHN7A8, complete sequence,,,,,
IncFII(pRSB107)_1_pRSB107_AJ851089,PLASMID,Uncultured bacterium pRSB107 plasmid,,,,,,
IncFII(pSE11)_1_pSE11_AP009242,PLASMID,Escherichia coli SE11 plasmid pSE11-2 DNA, complete sequence,,,,,
IncFII(p14)_1_p14_JQ418538,PLASMID,Salmonella sp. 14 plasmid p14-120, complete sequence,,,,,
IncFII(29)_1_pUTI89_CP003035,PLASMID,Escherichia coli O7:K1 str. CE10 plasmid pCE10A, complete sequence,,,,,
IncFII_1_pSFO_AF401292,PLASMID,Escherichia coli O157:H- plasmid pSFO157, complete sequence,,,,,
IncFII(pAMA1167-NDM-5)_1_pAMA1167-NDM-5_CP024805.1,PLASMID,Escherichia coli strain AMA1167 plasmid pAMA1167-NDM-5, complete sequence,,,,,
pSM22_1__NC_015972,PLASMID,GenBank:,,,,,,
Col(VCM04)_1__HM231165,PLASMID,Salmonella enterica subsp. enterica serovar Enteritidis strain PVCM07-2008 plasmid pVCM04, complete sequence,,,,,
IncI_Gamma_1_AP011954,PLASMID,Salmonella enterica subsp. enterica serovar Typhimurium plasmid R621a DNA, complete sequence,,,,,
rep1_8_repE(pWZ909)_GQ484954,PLASMID,Enterococcus faecalis plasmid pWZ909, complete sequence,,,,,
rep1_3_repR(pGB354)_U83488,PLASMID,Streptococcus agalactiae plasmid pGB354, complete plasmid sequence,,,,,
rep1_2_repS(pSM19035)_AY357120,PLASMID,Streptococcus pyogenes plasmid pSM19035, complete sequence,,,,,
rep1_5_CDS6(pRE25)_X92945,PLASMID,Enterococcus faecalis plasmid pRE25 DNA,,,,,,
rep1_6_repE(pTEF1)_AE016833,PLASMID,Enterococcus faecalis V583 plasmid pTEF1, complete sequence,,,,,
rep1_9_repE(pKL0018)_AB290882,PLASMID,Lactococcus garvieae plasmid pKL0018 DNA, complete sequence,,,,,
rep1_4_repE(pIP816)_AM932524,PLASMID,Enterococcus faecium pIP816 plasmid,,,,,,
rep1_1_repE(pAMbeta)_AF007787,PLASMID,Enterococcus faecalis plasmid pAM-beta-1 copy number repressor (copF), RepE (repE), resolvase (res beta), and type I topoisomerase (top beta) genes, complete cds and unknown genes,,
rep3_2_rep165(pBMB165)_DQ242517,PLASMID,Bacillus thuringiensis serovar tenebrionis plasmid pBMB165 hypothetical protein, Rep165 (rep165), and replication-associated proteins genes, complete cds,,,
repUS2_1_repA(pBI143)_BFU30316,PLASMID,Bacteroides fragilis strain IB143 plasmid pBI143, complete sequence,,,,,
rep22_1a_repB(pUB110)_X03408,PLASMID,Staphylococcus aureus plasmid pUB110dB sequence,,,,,,
repUS4_1_repA(pCI2000)_AF178424,PLASMID,Lactococcus lactis plasmid pCI2000 putative resolvase, putative replication protein, putative transposase, ParA (parA), RepA (repA), and putative transposase genes, complete cds and unknown genes
repUS23_1_repA(SAP099B)_GQ900449,PLASMID,Staphylococcus aureus plasmid SAP099B, complete sequence,,,,,
rep10b_1_rep(pUR2355)_JQ312422,PLASMID,Staphylococcus aureus strain C2355 plasmid pUR2355, complete sequence,,,,,
rep10b_2_rep(pSK6)_U96610,PLASMID,Staphylococcus aureus plasmid pSK6, complete genome,,,,,
rep10_6_rep(SAP093B)_GQ900442,PLASMID,Staphylococcus aureus plasmid SAP093B, complete sequence,,,,,
rep7a_20_SEp203(pSE12228p02)_AE015931,PLASMID,Staphylococcus epidermidis ATCC 12228 plasmid pSE-12228-02, complete sequence,,,,,
